date,open,high,low,close
1516374000000,122.0,123.25,121.0,123.25
1516375800000,123.25,124.9997,121.9999,124.7
1516377600000,124.7,125.0,123.5001,123.84
1516379400000,123.8003,125.5,123.8003,124.4
1516381200000,124.02,124.4495,121.3,121.3
1516383000000,121.3,122.558,120.5001,121.3
1516384800000,121.2,122.61,120.1,120.1008
1516386600000,120.1,122.15,119.1112,121.0003
1516388400000,121.0002,121.9878,120.0,120.05
1516390200000,120.0221,120.97,119.4,120.89
1516392000000,120.97,121.0,120.12,121.0
1516393800000,120.9002,123.0,120.5103,122.5998
1516395600000,122.65,123.0,121.0,122.25
1516397400000,122.958,123.34,122.0003,122.25
1516399200000,122.15,122.47,121.0122,121.96
1516401000000,122.03,122.3999,121.111,121.31
1516402800000,121.3024,122.33,121.1112,121.89
1516404600000,122.1,122.8,121.6,122.64
1516406400000,122.8,123.9888,122.4601,123.9888
1516408200000,123.9478,125.102,123.5,125.1
1516410000000,125.3,126.7,124.4701,126.4999
1516411800000,126.49,126.49,124.8004,126.0
1516413600000,126.01,126.388,125.0,125.7
1516415400000,125.6019,125.69,124.715,124.9998
1516417200000,125.0,126.44,124.9003,125.8
1516419000000,126.0,126.25,125.2,125.3
1516420800000,125.22,125.3,124.0,124.4997
1516422600000,124.4997,125.12,123.11,124.01
1516424400000,124.01,124.56,122.312,123.3
1516426200000,123.0003,125.4799,123.0003,125.1501
1516428000000,125.1501,125.51,124.0,125.0
1516429800000,125.0,125.5,124.5165,124.9993
1516431600000,124.9993,125.87,124.55,125.0
1516433400000,125.0002,125.4999,124.7,125.4
1516435200000,125.3,126.8,125.001,126.62
1516437000000,126.61,129.3885,126.5001,129.2951
1516438800000,129.3885,129.5,126.2,126.7
1516440600000,126.6,128.3,126.35,126.5436
1516442400000,126.7,127.5,125.12,127.0035
1516444200000,127.3,127.5999,126.321,127.45
1516446000000,127.4997,128.9,127.0,128.4999
1516447800000,128.4999,128.885,126.9,127.02
1516449600000,126.9,128.0,126.5,127.4
1516451400000,127.4001,127.899,126.82,127.3
1516453200000,127.01,128.2,127.01,127.79
1516455000000,128.0,128.5,127.02,127.2
1516456800000,127.2,128.2,127.0,127.6001
1516458600000,127.601,127.9999,127.6,127.65
1516460400000,127.6401,128.45,127.6301,127.8
1516462200000,127.745,128.89,127.7101,128.88
1516464000000,128.8998,131.95,128.512,130.8
1516465800000,130.8,131.98,130.0001,131.699
1516467600000,131.51,134.97,131.5,134.82
1516469400000,134.8201,134.8201,132.82,133.9501
1516471200000,133.9501,134.3899,133.5,133.6
1516473000000,133.6,134.4973,133.0002,133.5498
1516474800000,133.55,133.7999,133.21,133.799
1516476600000,133.7997,134.0,133.5001,133.54
1516478400000,133.5,133.6499,132.0,132.2101
1516480200000,132.999,134.4997,132.1002,134.1001
1516482000000,134.1,134.3298,132.0,132.23
1516483800000,132.0002,134.7,132.0002,134.5001
1516485600000,134.7,136.6744,134.2907,135.7997
1516487400000,136.4,138.5999,135.7996,137.4999
1516489200000,137.39,137.498,135.0,136.2106
1516491000000,136.211,137.1825,135.0,137.0
1516492800000,137.0,138.0,134.5242,134.6
1516494600000,134.524,135.55,130.0,130.2
1516496400000,130.2,135.0,128.8,134.4
1516498200000,134.4,134.4899,132.495,133.1
1516500000000,133.1,134.4195,133.0001,134.0
1516501800000,134.0,134.1,132.89,133.1955
1516503600000,132.9,133.5,132.0001,132.02
1516505400000,132.02,132.4494,130.005,130.2005
1516507200000,130.2,132.0,128.0,130.4999
1516509000000,130.5008,131.0,125.1,125.4999
1516510800000,125.3516,129.5,123.8001,127.2
1516512600000,127.0,127.9,122.1111,122.1235
1516514400000,122.92,125.9,122.2,125.0001
1516516200000,125.0003,127.3997,122.3,123.4
1516518000000,123.0,123.399,118.8,120.0
1516519800000,120.0,120.0,113.0,120.0
1516521600000,120.0,129.9999,118.0,123.49
1516523400000,122.2009,123.4999,118.8147,119.9
1516525200000,120.0,120.9998,116.1,119.12
1516527000000,119.1009,122.0,118.322,118.6
1516528800000,118.6,121.999,118.6,121.56
1516530600000,121.53,123.9,120.6011,121.0008
1516532400000,121.0009,125.9,121.0009,123.9
1516534200000,124.0,127.9,124.0,126.95
1516536000000,126.9,127.7999,123.9,124.5
1516537800000,124.5,125.9,122.3,122.69
1516539600000,122.7997,124.7989,122.4001,124.2
1516541400000,124.2,126.1,123.8506,124.1
1516543200000,124.15,124.6986,122.4,122.85
1516545000000,122.8,122.9,120.5,121.6
1516546800000,121.181,123.9999,121.181,122.3505
1516548600000,122.0,122.3,118.1888,119.0001
1516550400000,118.7,120.0003,116.5101,117.01
1516552200000,117.2,120.9416,117.0,118.2
1516554000000,118.0,120.0,117.4,119.6164
1516555800000,119.6164,121.7532,119.0011,119.9
1516557600000,120.0,121.4,117.9999,118.64
1516559400000,118.85,119.32,117.7,119.0001
1516561200000,119.0,121.0,118.548,119.92
1516563000000,120.3899,120.3899,119.1384,119.49
1516564800000,119.2,119.2002,115.5,116.9999
1516566600000,116.9998,117.0,114.75,115.0001
1516568400000,115.0,119.9897,114.8,118.5
1516570200000,119.04,119.5184,117.3,118.4
1516572000000,118.4993,122.0,118.0012,120.8787
1516573800000,121.0,121.9998,118.2014,119.0
1516575600000,118.5,120.4999,118.01,119.1
1516577400000,119.2,121.0,119.2,121.0
1516579200000,121.0,122.0,120.15,120.63
1516581000000,120.624,122.9999,120.6,122.21
1516582800000,122.4,122.84,119.7,120.4997
1516584600000,120.0006,120.9977,117.5,118.8003
1516586400000,118.8003,119.3999,116.4,117.4
1516588200000,117.23,121.4999,117.0,121.39
1516590000000,121.2,121.4,118.9,119.98
1516591800000,119.97,121.0,119.4,120.5
1516593600000,120.5001,121.85,120.4,121.4
1516595400000,121.8,121.8,119.8302,120.83
1516597200000,120.89,120.89,119.7,119.95
1516599000000,120.0,121.0,119.0,119.1204
1516600800000,119.12,120.6,118.5,120.0101
1516602600000,120.3,120.4,120.0,120.0
1516604400000,120.0,120.3799,119.53,119.82
1516606200000,119.9996,121.1,119.75,120.9
1516608000000,120.9,121.66,120.75,121.01
1516609800000,121.0001,121.7,120.6001,121.14
1516611600000,121.01,121.53,120.5112,121.29
1516613400000,121.2,121.7261,120.5,121.25
1516615200000,121.05,121.5996,120.76,121.005
1516617000000,121.0,121.5888,120.8501,121.55
1516618800000,121.55,121.79,120.81,120.9999
1516620600000,121.0,121.1999,117.6,117.7
1516622400000,117.7,119.4439,116.8002,116.8003
1516624200000,116.9999,119.04,116.6,117.7
1516626000000,117.6204,117.89,111.0,111.0014
1516627800000,111.0,113.0,108.0,112.0
1516629600000,112.0,114.0,110.0001,112.5
1516631400000,112.2,114.9485,108.1001,110.1
1516633200000,110.1,110.7134,105.5,109.5
1516635000000,109.5,111.3707,103.9334,104.1
1516636800000,104.1,107.0,103.0003,104.0003
1516638600000,104.0001,106.9997,103.0,105.2
1516640400000,105.1,108.3667,105.1,106.5002
1516642200000,106.5002,108.0,105.0,105.5
1516644000000,105.5609,107.6645,104.1,106.2
1516645800000,106.78,106.9999,104.1,104.2811
1516647600000,104.2811,105.0,103.2,104.0
1516649400000,104.3,106.7,103.8,104.55
1516651200000,104.6498,105.2,103.7,104.0003
1516653000000,104.0003,106.0,103.5,105.3
1516654800000,105.0001,106.3,101.2,102.45
1516656600000,101.2,105.0,100.3258,104.4488
1516658400000,103.5011,108.0,103.5003,105.44
1516660200000,105.1901,111.0,104.5,111.0
1516662000000,111.0,112.0,108.0,108.9996
1516663800000,108.5,112.4,108.5,111.79
1516665600000,111.55,112.4899,110.0,110.2
1516667400000,110.0,111.9996,108.1901,109.0
1516669200000,109.0,111.01,108.5101,110.2002
1516671000000,110.2003,110.7,109.51,109.52
1516672800000,109.5201,110.27,108.505,110.0003
1516674600000,110.5,110.9,108.505,109.3
1516676400000,109.3,110.311,109.0012,110.311
1516678200000,110.4,113.0,110.32,111.9
1516680000000,111.9,112.05,110.1003,110.5902
1516681800000,110.53,111.0,108.5,108.501
1516683600000,109.0,109.0,105.5,106.29
1516685400000,106.46,107.9797,106.29,107.0
1516687200000,107.0,108.4999,106.8,107.1111
1516689000000,107.3,107.79,106.0,106.9
1516690800000,106.41,107.19,103.0001,103.89
1516692600000,103.85,105.3228,103.5,103.5
1516694400000,103.5,106.0,102.3001,103.9999
1516696200000,103.6004,107.29,103.6004,106.89
1516698000000,106.642,107.0,105.2,105.99
1516699800000,105.899,106.8,104.12,104.5997
1516701600000,104.5997,106.8,103.11,104.5
1516703400000,104.6,105.3895,103.11,103.5
1516705200000,103.9999,104.3999,100.0001,100.1
1516707000000,100.1,101.0,96.0,98.5
1516708800000,98.5,100.7,96.2,99.6239
1516710600000,99.9,100.0,97.0,97.9
1516712400000,97.9998,97.9998,94.993,96.7
1516714200000,97.3931,99.87,96.046,98.0
1516716000000,98.1,99.87,97.21,99.869
1516717800000,99.87,101.611,97.3406,100.2
1516719600000,100.5,103.9998,99.7,103.0006
1516721400000,103.0999,104.98,100.31,104.498
1516723200000,104.79,108.5,104.325,108.42
1516725000000,108.1,108.98,106.4001,108.4
1516726800000,108.5,109.0,106.3631,106.5603
1516728600000,106.8887,107.0,102.0,103.7
1516730400000,103.8999,106.4999,103.8999,104.49
1516732200000,104.1112,107.0099,104.1112,106.9
1516734000000,106.8,106.9,104.23,106.6323
1516735800000,106.6323,106.6323,104.22,104.6
1516737600000,104.3013,105.699,103.7775,105.2
1516739400000,105.2,106.6324,105.1505,106.43
1516741200000,106.6324,107.0,102.5598,105.12
1516743000000,105.5,105.778,102.5301,103.02
1516744800000,103.4,106.5775,103.326,106.5
1516746600000,106.7,107.0,105.0001,106.0
1516748400000,105.5,106.5999,104.3,104.35
1516750200000,104.35,104.8999,102.0,104.1998
1516752000000,104.1,104.4999,101.53,102.0
1516753800000,102.0,102.7,98.6001,98.7
1516755600000,98.7,103.0,98.7,101.1003
1516757400000,101.1003,102.4,99.0001,100.8
1516759200000,100.8,102.0,100.5,101.69
1516761000000,101.7999,101.7999,99.3392,101.4
1516762800000,101.799,103.2,101.3,102.6146
1516764600000,102.5,103.5,102.0,102.9997
1516766400000,102.9997,103.2899,100.0,100.7
1516768200000,100.7,101.8,100.0003,101.485
1516770000000,101.4852,101.8,100.3001,100.95
1516771800000,100.96,101.4999,100.8,101.39
1516773600000,101.4898,102.4999,101.3999,101.9886
1516775400000,101.8,103.9,101.787,102.82
1516777200000,102.6002,104.962,102.41,103.8
1516779000000,103.8,104.5,102.5,103.9001
1516780800000,103.9,105.3999,103.9,104.2501
1516782600000,104.25,104.7,103.6001,104.3
1516784400000,104.2009,104.2009,102.52,102.6504
1516786200000,103.42,104.5529,102.8,104.5001
1516788000000,104.7,104.96,103.21,104.5972
1516789800000,104.729,105.2,103.99,104.7
1516791600000,104.67,105.75,104.5,105.6628
1516793400000,105.6628,106.47,105.29,106.4
1516795200000,106.0001,106.6,104.5,106.09
1516797000000,106.1111,109.75,105.8,107.3001
1516798800000,108.0,108.8195,107.2001,107.89
1516800600000,107.5101,108.2,106.02,107.8456
1516802400000,107.76,108.0,103.0,106.7999
1516804200000,107.0,107.2,105.005,105.51
1516806000000,105.5008,105.77,103.3334,103.92
1516807800000,103.91,104.277,102.4,102.4999
1516809600000,102.4999,103.2581,100.21,101.635
1516811400000,101.63,103.8887,101.508,103.011
1516813200000,103.0001,103.4545,101.55,103.4395
1516815000000,103.34,103.8999,103.19,103.8999
1516816800000,103.8999,105.0,103.0,103.96
1516818600000,103.96,103.96,102.0,103.4999
1516820400000,103.41,104.8999,103.4,104.49
1516822200000,104.0001,104.91,104.0001,104.9099
1516824000000,104.9099,105.0,104.0,104.12
1516825800000,104.12,104.22,103.41,103.5001
1516827600000,103.5002,105.0,103.5002,104.925
1516829400000,104.935,104.999,104.2,104.8
1516831200000,104.9486,105.0,104.2,104.6997
1516833000000,104.6,104.6899,103.8,104.3
1516834800000,104.1004,104.6898,103.8,104.0111
1516836600000,104.0112,105.5,104.0112,105.1
1516838400000,105.5,105.9847,104.8,105.8948
1516840200000,105.9789,106.3999,105.31,105.9
1516842000000,105.99,108.0,105.522,108.0
1516843800000,108.001,108.4779,106.45,108.42
1516845600000,108.3011,108.32,107.2995,107.6
1516847400000,107.9988,108.92,107.74,108.01
1516849200000,108.2997,108.4999,107.2995,107.9
1516851000000,107.85,108.7,107.75,108.2011
1516852800000,108.3,108.4283,106.2,106.211
1516854600000,106.8099,107.6402,106.213,107.6402
1516856400000,107.8,108.2497,107.4,108.0
1516858200000,108.0998,108.12,107.6,108.12
1516860000000,108.12,109.5,107.9111,108.5
1516861800000,108.25,109.1529,107.2,107.39
1516863600000,107.39,108.0001,106.4,106.73
1516865400000,106.72,107.5398,106.72,106.8999
1516867200000,106.9,107.42,106.3,106.52
1516869000000,106.8,107.3987,105.81,105.81
1516870800000,105.81,105.83,105.1,105.4009
1516872600000,105.3,106.49,104.85,105.86
1516874400000,105.8998,106.7669,105.6788,106.31
1516876200000,106.2101,106.2101,105.005,105.4
1516878000000,105.4799,105.869,104.94,105.43
1516879800000,105.4998,105.5005,103.3,104.2
1516881600000,104.2,104.9197,103.0,103.9797
1516883400000,103.9001,104.5259,103.0,103.49
1516885200000,103.49,104.172,103.0011,103.1
1516887000000,103.3998,105.46,103.12,104.861
1516888800000,104.8502,104.8503,103.99,103.99
1516890600000,103.986,104.87,103.49,104.01
1516892400000,103.6222,104.2888,102.5,102.7776
1516894200000,102.89,102.89,100.8002,101.9
1516896000000,102.0,102.8985,100.4066,102.8985
1516897800000,102.8899,103.49,101.5,101.787
1516899600000,101.8,102.6083,101.5001,102.4589
1516901400000,102.459,102.9,101.3333,102.1827
1516903200000,101.9,103.95,101.68,103.41
1516905000000,103.41,103.9231,102.8218,103.8994
1516906800000,103.8899,103.9498,102.8302,103.9498
1516908600000,103.8997,103.8997,102.9008,103.4
1516910400000,103.41,103.86,102.9001,103.6455
1516912200000,103.0002,104.0099,103.0001,103.2321
1516914000000,103.99,104.1,103.3202,103.3202
1516915800000,103.3202,103.34,102.206,103.34
1516917600000,103.1004,103.7,102.9,103.62
1516919400000,103.625,104.4,103.502,104.22
1516921200000,103.9,104.37,103.6,103.7
1516923000000,104.04,104.37,103.5021,104.17
1516924800000,104.27,104.6001,103.84,104.5979
1516926600000,104.5968,105.4,104.13,105.4
1516928400000,105.4,105.53,104.7,105.17
1516930200000,105.17,105.17,104.1,104.16
1516932000000,104.1001,105.31,104.1,104.9995
1516933800000,104.6901,105.0,104.49,104.7499
1516935600000,104.7499,104.81,103.8702,104.3499
1516937400000,104.3698,104.4,103.42,103.4999
1516939200000,103.4999,108.45,103.4999,108.4
1516941000000,108.45,112.9875,107.6,112.9875
1516942800000,112.9875,112.9875,102.2056,104.7
1516944600000,104.7,106.5,98.5,98.8
1516946400000,98.8,102.9996,98.5,99.6
1516948200000,99.401,100.6,90.0,91.0
1516950000000,91.0,96.0,83.1,95.4999
1516951800000,95.4999,96.1113,85.0001,85.5
1516953600000,86.0,87.86,80.5,81.0
1516955400000,80.4822,89.0,78.0,88.8
1516957200000,88.8,88.9,83.7,84.9999
1516959000000,84.9999,85.0,80.001,81.0
1516960800000,81.0,83.946,80.0,81.6001
1516962600000,81.7,87.4,81.1005,86.0
1516964400000,85.6001,86.0017,81.0003,81.2
1516966200000,81.0003,81.2,75.0,76.0039
1516968000000,76.0039,81.0,75.4,76.931
1516969800000,76.95,79.5,76.3,79.2525
1516971600000,79.0,88.3018,79.0,88.0
1516973400000,88.0,88.3998,81.6,83.73
1516975200000,83.72,84.0,76.1113,76.999
1516977000000,76.999,78.5,70.0,75.95
1516978800000,77.3,86.4777,74.0,86.0
1516980600000,86.0,86.9,80.25,86.4995
1516982400000,86.2,94.0,85.4005,93.3
1516984200000,93.3,94.5,88.1,91.3899
1516986000000,91.28,91.39,88.0201,88.5
1516987800000,88.2,90.0,88.2,89.5
1516989600000,89.788,90.0,88.31,89.4
1516991400000,89.45,90.0,88.02,89.0
1516993200000,89.9,90.0,88.02,88.9
1516995000000,88.9,89.9,88.02,88.4999
1516996800000,88.4,90.0,88.02,88.87
1516998600000,88.3,89.0,87.0,88.0
1517000400000,87.2106,87.9999,83.0,83.0
1517002200000,83.0,86.0,82.7777,82.9
1517004000000,82.7,83.5,80.1113,80.2
1517005800000,80.1113,81.9,80.1,80.13
1517007600000,80.13,83.753,78.0,82.5
1517009400000,82.0111,86.75,81.0,86.216
1517011200000,86.2999,88.63,85.4,87.8
1517013000000,87.9,89.7,87.2,87.89
1517014800000,87.89,87.89,84.001,86.0
1517016600000,86.0,87.4026,85.41,87.198
1517018400000,87.0,87.6,85.21,87.0
1517020200000,87.0,89.6,86.995,89.54
1517022000000,89.54,92.2,89.5,91.0
1517023800000,91.49,93.8,89.0,90.0012
1517025600000,90.0012,92.5674,89.99,91.9672
1517027400000,91.7807,92.9864,91.7807,92.3
1517029200000,92.3,94.2,91.91,94.0
1517031000000,93.9998,97.0,93.7001,95.8699
1517032800000,95.5,96.0,93.3,94.7
1517034600000,94.7,96.0,92.58,92.83
1517036400000,92.9987,93.97,91.5571,91.91
1517038200000,91.98,93.2744,91.0416,92.35
1517040000000,92.3,93.8,91.6,92.15
1517041800000,92.15,92.79,90.1,91.7998
1517043600000,91.7777,92.2,90.5,91.4999
1517045400000,91.4998,92.41,91.23,91.7998
1517047200000,91.7998,92.0,91.1389,91.348
1517049000000,91.34,92.0,91.139,91.89
1517050800000,91.8998,92.0,88.0,89.0
1517052600000,89.0,91.5,88.6,90.6001
1517054400000,90.5311,91.0,89.9912,90.77
1517056200000,90.77,90.77,89.001,89.999
1517058000000,89.7,90.62,89.4001,89.43
1517059800000,89.43,90.0,89.0,89.7999
1517061600000,89.6999,89.6999,88.5,89.29
1517063400000,89.21,90.4,88.9999,90.3999
1517065200000,90.3,93.2475,90.0002,93.0
1517067000000,93.0201,103.0,92.2101,101.5
1517068800000,102.5,105.8,100.2,105.53
1517070600000,105.7797,112.2,105.0,112.0
1517072400000,112.19,120.0,112.0,115.0
1517074200000,119.0,119.0,105.0,111.555
1517076000000,111.9996,114.5055,110.0,112.6
1517077800000,111.5998,112.4,107.7,107.75
1517079600000,107.7001,110.8,106.1,108.82
1517081400000,109.0,112.2,108.5,111.5047
1517083200000,111.5,116.1999,111.5,114.9
1517085000000,114.0113,117.49,111.1,113.0
1517086800000,113.0,115.4358,111.1,113.65
1517088600000,113.6001,116.8999,113.6001,116.0
1517090400000,116.0,119.0,115.001,116.5
1517092200000,116.4,118.0,115.0,115.3011
1517094000000,115.3003,118.4999,115.3003,118.1022
1517095800000,118.2,118.7,115.3,117.9
1517097600000,117.9001,118.3,110.888,111.8888
1517099400000,111.8888,116.01,111.21,113.9
1517101200000,113.9,114.388,111.8,112.8
1517103000000,112.9999,112.9999,108.2,109.1
1517104800000,109.0,109.3541,107.3333,109.2702
1517106600000,109.3,111.8444,108.0002,109.2999
1517108400000,109.0301,110.0,108.81,109.9999
1517110200000,110.0,110.4999,107.81,108.5
1517112000000,108.5,109.7088,107.8,109.6001
1517113800000,109.7086,110.9135,108.0,110.9
1517115600000,110.9,112.12,110.2,111.3
1517117400000,111.0,111.6,109.0,110.7
1517119200000,110.99,111.4,110.4,110.54
1517121000000,110.6,113.9,110.6,113.32
1517122800000,113.3002,113.5,111.34,112.1999
1517124600000,112.1,112.289,110.4,111.1989
1517126400000,111.035,111.557,110.4001,111.0
1517128200000,111.1,111.5,110.7002,110.9002
1517130000000,110.9002,111.1899,109.5,109.5
1517131800000,109.5001,110.55,108.5,110.3
1517133600000,110.2,110.299,109.0001,109.15
1517135400000,109.15,109.2119,108.0,108.0
1517137200000,108.09,110.0,107.71,108.22
1517139000000,108.12,109.9,108.12,108.9
1517140800000,108.9,109.4358,108.0,108.4996
1517142600000,108.4995,108.5,105.113,105.113
1517144400000,105.113,107.9989,105.113,107.18
1517146200000,107.2,107.8,106.65,106.8201
1517148000000,106.9999,107.7,106.2121,107.6001
1517149800000,107.6001,107.8999,107.1602,107.56
1517151600000,107.57,110.99,107.57,109.9
1517153400000,109.9799,109.9799,108.5,108.5003
1517155200000,108.5001,109.5,108.1,108.4005
1517157000000,108.45,108.988,108.303,108.3034
1517158800000,108.3999,108.588,108.0,108.0
1517160600000,108.0001,110.4,108.0,108.62
1517162400000,108.62,108.74,107.4,107.6
1517164200000,107.9879,108.2,107.4,107.75
1517166000000,107.73,108.4999,107.588,108.3
1517167800000,108.2,108.788,107.81,108.7879
1517169600000,108.6879,109.2,108.0,108.4
1517171400000,108.39,109.6,108.39,109.5
1517173200000,109.4,109.9333,109.28,109.5003
1517175000000,109.58,109.8999,109.18,109.8
1517176800000,109.8,110.699,109.6,109.99
1517178600000,110.0,110.3998,109.3001,109.7
1517180400000,109.6,109.7,108.5,108.9999
1517182200000,108.8998,110.1999,108.52,110.1
1517184000000,110.1999,110.5,109.1,109.2001
1517185800000,109.3001,109.8,109.0802,109.29
1517187600000,109.49,109.5,108.232,108.232
1517189400000,108.3,109.0,106.0,107.1
1517191200000,107.0001,107.6,105.113,106.6011
1517193000000,106.6011,107.2,106.12,107.0011
1517194800000,107.0001,107.2,105.32,106.1
1517196600000,106.1,106.3799,102.1212,104.9
1517198400000,104.9,105.7,103.0,103.0001
1517200200000,103.0,105.0,102.9261,104.68
1517202000000,104.805,109.405,103.22,105.9
1517203800000,105.7899,107.4,105.02,106.29
1517205600000,106.37,107.3,105.333,105.4101
1517207400000,105.333,105.7705,103.51,104.5
1517209200000,104.4,104.5,103.2,103.556
1517211000000,103.6,104.5,103.2,103.2
1517212800000,103.2,103.45,101.5,102.95
1517214600000,102.8898,103.908,102.4,102.4
1517216400000,102.4,103.7999,102.2,102.92
1517218200000,102.9997,104.4,102.9997,103.3899
1517220000000,103.37,105.0,103.11,104.01
1517221800000,104.0999,105.0,103.8,104.5005
1517223600000,104.5,104.7879,103.0,103.27
1517225400000,103.27,103.4,100.55,102.4999
1517227200000,102.0,102.8,100.1111,100.1111
1517229000000,100.19,101.9999,100.1001,101.8903
1517230800000,101.88,102.75,101.2,102.3
1517232600000,102.29,102.5,100.9,102.0
1517234400000,102.0,103.4999,102.0,102.86
1517236200000,102.85,103.4788,102.15,102.8887
1517238000000,102.5,102.9199,101.8001,102.0014
1517239800000,102.48,103.395,101.51,103.2999
1517241600000,103.3949,103.9,102.6025,103.5001
1517243400000,103.3,103.7,103.0,103.212
1517245200000,103.2999,103.41,102.218,102.415
1517247000000,102.4999,103.02,102.0,102.6
1517248800000,102.4,102.4999,101.5,102.0
1517250600000,102.0,102.5001,101.5002,102.4
1517252400000,102.3,102.4,101.9,102.15
1517254200000,102.1,102.4897,101.4946,101.71
1517256000000,101.69,102.1528,101.4991,101.85
1517257800000,101.9,102.0001,101.1,101.15
1517259600000,101.1998,101.2,100.456,100.635
1517261400000,100.501,101.1,100.501,101.0253
1517263200000,101.03,101.2,100.5,100.5002
1517265000000,100.8,100.8,98.5,98.789
1517266800000,98.9999,100.0001,98.2,98.312
1517268600000,98.3201,100.0,98.3103,99.943
1517270400000,99.999,100.0001,97.8,98.0
1517272200000,98.0,98.51,97.3,98.0001
1517274000000,98.0,98.0002,95.101,95.101
1517275800000,95.1996,95.1996,92.1501,93.2999
1517277600000,93.2001,95.5,93.0018,94.8
1517279400000,94.8899,95.9288,93.51,94.6002
1517281200000,94.5701,94.9103,92.01,92.1
1517283000000,92.504,95.6599,92.3,94.212
1517284800000,94.3978,97.2888,94.212,96.889
1517286600000,97.0,97.0,95.0,95.3998
1517288400000,95.012,95.5,94.11,95.5
1517290200000,95.5,96.51,95.29,95.35
1517292000000,95.35,96.0,94.91,95.73
1517293800000,95.73,96.0522,94.11,95.01
1517295600000,95.0101,95.8999,94.1,94.3
1517297400000,94.2999,94.6,93.5,94.0
1517299200000,94.0,94.9,93.5001,94.12
1517301000000,94.07,94.7899,94.07,94.7
1517302800000,94.8,94.9,92.5,93.5
1517304600000,93.5,93.9999,92.5,92.9989
1517306400000,92.9989,93.4,92.0,92.5
1517308200000,92.612,93.99,91.0,92.55
1517310000000,92.5402,92.9863,91.1002,92.85
1517311800000,92.8,93.85,92.35,93.5795
1517313600000,93.52,94.654,92.9999,93.92
1517315400000,93.95,93.9956,92.0,92.5154
1517317200000,92.6,92.9987,92.0,92.3888
1517319000000,92.3,92.38,90.0001,91.3
1517320800000,91.3,91.5001,90.301,91.0
1517322600000,90.812,92.3999,90.812,91.51
1517324400000,91.52,92.5,90.0,90.1
1517326200000,90.1,91.0,88.2001,88.812
1517328000000,88.5101,90.4211,88.3,89.5
1517329800000,89.5,90.0,88.3,88.8499
1517331600000,88.8,90.0,88.611,89.5
1517333400000,89.4998,89.5,88.1,88.1
1517335200000,88.1002,88.1002,85.0,86.5081
1517337000000,86.41,87.9014,84.0,84.5
1517338800000,84.5,87.6203,83.0001,85.98
1517340600000,85.98,89.5,85.4,87.2
1517342400000,87.2,87.3198,83.5001,84.1
1517344200000,84.1,86.612,84.0,86.1
1517346000000,85.7,86.1998,84.6722,85.3899
1517347800000,85.5,85.986,84.9202,85.5
1517349600000,85.0007,88.7,85.0005,88.1
1517351400000,87.8,88.699,86.11,87.0
1517353200000,87.012,87.5,83.6,84.0
1517355000000,84.45,85.8,81.6991,82.5
1517356800000,82.5,84.5,82.1027,82.8
1517358600000,82.812,83.0,82.3999,82.3999
1517360400000,82.05,82.3999,82.0,82.05
1517362200000,82.35,83.0,82.0,83.0
1517364000000,82.9999,84.0,82.0,83.0
1517365800000,83.6,83.6,82.0,83.6
1517367600000,83.6,85.0,82.3,82.5
1517369400000,82.396,83.5,82.2,82.8899
1517371200000,82.8,83.34,82.005,82.21
1517373000000,82.2,82.21,81.12,81.4
1517374800000,81.4,82.17,78.5,79.0
1517376600000,78.95,81.3,78.1456,79.4601
1517378400000,79.4986,79.5,76.1502,76.1502
1517380200000,76.5,79.5,76.0,78.5
1517382000000,78.014,83.0,77.8,82.0998
1517383800000,82.0999,82.2,80.38,81.9398
1517385600000,81.9398,84.15,81.84,82.5001
1517387400000,82.57,82.9,80.0,80.8999
1517389200000,80.8,80.8999,78.0001,79.7
1517391000000,79.7,79.875,78.1,78.8016
1517392800000,78.9999,79.98,78.72,79.3
1517394600000,79.2999,81.9,79.11,80.0
1517396400000,79.9999,80.5,78.55,79.0006
1517398200000,79.1999,81.4,78.85,80.5
1517400000000,80.3001,80.899,80.0297,80.899
1517401800000,80.8888,82.4998,80.7,81.7004
1517403600000,81.99,82.499,80.8,81.9
1517405400000,81.8002,82.3,80.6,80.626
1517407200000,80.6256,81.8,80.5,80.5383
1517409000000,80.5,80.71,78.6565,79.1
1517410800000,79.1,80.0,79.0012,79.4499
1517412600000,79.4499,79.4892,78.0,78.8
1517414400000,78.8,78.9899,77.349,78.02
1517416200000,78.1,79.1,78.02,78.7996
1517418000000,78.7996,79.0,78.3,79.0
1517419800000,78.98,80.87,78.98,79.41
1517421600000,79.4996,79.612,79.2001,79.6
1517423400000,79.598,80.42,79.2,79.55
1517425200000,79.62,79.9999,79.0302,79.5
1517427000000,79.5,80.0401,79.0511,79.8401
1517428800000,79.7999,80.0,79.5,79.89
1517430600000,79.9499,79.9998,79.7001,79.9998
1517432400000,79.9997,80.0,79.89,79.9998
1517434200000,79.9996,80.87,79.0,80.75
1517436000000,80.0486,80.8999,80.0101,80.8
1517437800000,80.6002,81.8688,80.6002,81.38
1517439600000,81.488,82.0,80.5001,81.65
1517441400000,81.65,83.2,81.55,83.2
1517443200000,83.2,85.0,83.2,85.0
1517445000000,85.0,85.4899,83.85,85.401
1517446800000,85.4001,86.4317,84.5001,86.4314
1517448600000,86.4314,86.4314,83.0,84.9456
1517450400000,85.0,86.34,84.1155,86.25
1517452200000,86.0,86.4847,85.0,85.5
1517454000000,85.5,85.5,84.5,85.17
1517455800000,85.2,85.2,83.0001,83.5102
1517457600000,83.6499,83.93,82.1,82.9999
1517459400000,82.9999,84.5,82.3999,84.49
1517461200000,84.2901,84.4,82.95,83.5003
1517463000000,83.5993,84.1,83.0,83.25
1517464800000,83.022,83.7,82.651,83.4001
1517466600000,83.4002,83.5576,82.9001,83.54
1517468400000,83.5,83.776,83.2001,83.2101
1517470200000,83.2102,83.68,82.9,82.9999
1517472000000,82.9,83.2899,81.8762,82.0001
1517473800000,82.02,82.02,79.5,80.7999
1517475600000,80.7999,81.7086,80.13,80.6
1517477400000,80.7799,81.379,78.3005,78.7898
1517479200000,78.7898,78.7898,76.5,76.5
1517481000000,76.5001,78.0,76.0001,76.51
1517482800000,76.5099,77.0,76.1,77.0
1517484600000,76.6,77.9999,76.2,76.2
1517486400000,76.2,76.48,73.3,73.3
1517488200000,73.25,73.9,72.4,73.0
1517490000000,73.0,77.0,72.5,73.9999
1517491800000,73.8,74.0,70.5,71.3888
1517493600000,71.0001,74.0,70.5,73.8888
1517495400000,73.8888,76.3,73.0003,73.39
1517497200000,73.19,74.88,72.612,73.7898